metric,gpt2M_acc,gpt2M_ci_low,gpt2M_ci_high,c16_acc,c16_ci_low,c16_ci_high,delta,delta_ci_low,delta_ci_high
acc,0.3331009759012149,0.32388193840645196,0.34232001339597784,0.338478390758813,0.3292227800628039,0.34773400145482203,0.005377414857598073,-0.007686159756033621,0.01844098947122977
acc_norm,0.39384584744074885,0.3842888324863826,0.4034028623951151,0.39673371838279226,0.3871646056685048,0.4063028310970797,0.0028878709420434023,-0.010636346335740824,0.016412088219827627
